date,text,retweets,likes,language,source
2025-03-25 22:54:18+00:00,"Best stock traders group out there!
updates + Chatroom +analysis
üìàüìä‚è≥

$BIDU $SAVE $WORK $T $AAPL $C $MSFT $SPY $AMD https://t.co/UKjyKerdS8",0,0,en,Twitter
2025-03-25 22:53:02+00:00,"RT @finchat_io: ""Over the long term, it's hard for a stock to earn a much better return than the business which underlies it."" - Charlie Mu‚Ä¶",34,0,en,Twitter
2025-03-25 22:51:18+00:00,"Best stock trade Group out there! 
Free chatroom link below! KFC-     https://t.co/J5ilBUfSO0

$AMZN $AMC $SPY $QQQ $ATH $CCL $AMD $AAPL $MSFY $BA https://t.co/KzxHAcDbp9",0,0,en,Twitter
2025-03-25 22:50:18+00:00,"Bast stock group ‚ô•Ô∏è‚ô•Ô∏è
Discordüëåüëå

KFC-     https://t.co/J5ilBUfSO0

$SOLO $W $JAGX $INO  $BYFC $TSLA $SPY $BOXL $AAPL $AYRO $BNGO $PHUN $KODK https://t.co/f3tDhnCkYB",0,0,en,Twitter
2025-03-25 22:47:40+00:00,"Bast stock group ‚ô•Ô∏è‚ô•Ô∏è
Discordüëåüëå

 MAC-   https://t.co/CQFymLkB9i

$BYFC $TSLA $SPY $BOXL $AAPL $AYRO $BNGO $PHUN $KODK https://t.co/EjOraPujoN",0,0,en,Twitter
2025-03-25 22:47:19+00:00,"Best stock trade Group out there! 
Free chatroom link below!

KFC-     https://t.co/J5ilBUfSO0

$AMZN $AMC $SPY $QQQ $ATH $CCL $AMD $AAPL $MSFY $BA $GNUS https://t.co/cVf6UlpLYd",0,0,en,Twitter
2025-03-25 22:44:40+00:00,"Best stock trade Group out there! 
Free chatroom link below!

 MAC-   https://t.co/CQFymLkB9i

$AMZN $AMC $SPY $QQQ $ATH $CCL $AMD $AAPL $MSFY $BA $GNUS https://t.co/aCg74LI6jv",0,0,en,Twitter
2025-03-25 22:43:40+00:00,"Bast stock group ‚ô•Ô∏è‚ô•Ô∏è
Discordüëåüëå

 MAC-   https://t.co/CQFymLkB9i

$SOLO $W $JAGX $INO  $BYFC $TSLA $SPY $BOXL $AAPL $AYRO $BNGO $PHUN $KODK https://t.co/ovAKBQIxEh",0,0,en,Twitter
2025-03-25 22:40:40+00:00,"RT @finchat_io: ""Over the long term, it's hard for a stock to earn a much better return than the business which underlies it."" - Charlie Mu‚Ä¶",34,0,en,Twitter
2025-03-25 22:38:48+00:00,"RT @finchat_io: ""Over the long term, it's hard for a stock to earn a much better return than the business which underlies it."" - Charlie Mu‚Ä¶",34,0,en,Twitter
2025-03-25 22:38:15+00:00,"Best stock trade Group out there! 
Free chatroom link below!  MAC-   https://t.co/CQFymLl8YQ

$AMZN $AMC $SPY $QQQ $ATH $CCL $AMD $AAPL $MSFY $BA https://t.co/onEE8ynO1S",0,0,en,Twitter
2025-03-25 22:33:47+00:00,"Free Stock trading discord: MAC-   https://t.co/CQFymLkB9i

$GE $AAL $DIS $DAL $AAPL $MSFT $TSLA $SQ $NFLX $SPY $ROKU $SPCE $INO $UVXY $VXX $RAD https://t.co/kBd4bj2ea1",0,0,en,Twitter
2025-03-25 22:32:30+00:00,"In the last 20 years, it‚Äôs typical to see the Stock Market BOTTOM in Mid-MarchüëÄ

This week the S&amp;P500 and the Nasdaq reclaimed its 200-Day Moving Averageüìà

Is the bottom in..?ü§î

$SPY $SPX $QQQ $NQ $BTC $AAPL $AMZN $NVDA $TSLA $META $MSFT $GOOGL $HOOD $HIMS $PLTR $MSTR $MARA https://t.co/EPAAeuK6Zy",0,2,en,Twitter
2025-03-25 22:31:40+00:00,"RT @finchat_io: ""Over the long term, it's hard for a stock to earn a much better return than the business which underlies it."" - Charlie Mu‚Ä¶",34,0,en,Twitter
2025-03-25 22:29:20+00:00,"Options + Stock Alerts
Discord link below

 MAC-   https://t.co/CQFymLkB9i

$SOLO $W $JAGX $INO  $BYFC $TSLA $SPY $BOXL $AAPL $AYRO $BNGO $DKNG $APPL https://t.co/klX0zCZSpY",0,0,en,Twitter
2025-03-25 22:28:29+00:00,"@travisraxelrod If you're at all curious about this issue instead of dug in, just think about what the $AAPL buyback did for Apple's stock.",0,6,en,Twitter
2025-03-25 22:27:39+00:00,"RT @finchat_io: ""Over the long term, it's hard for a stock to earn a much better return than the business which underlies it."" - Charlie Mu‚Ä¶",34,0,en,Twitter
2025-03-25 22:16:49+00:00,"RT @finchat_io: ""Over the long term, it's hard for a stock to earn a much better return than the business which underlies it."" - Charlie Mu‚Ä¶",34,0,en,Twitter
2025-03-25 22:14:42+00:00,"Stock Highlights:

$AAPL climbed over 1%, helping lift the Dow. 

$BA gained after securing a 17-plane order from Japan Airlines and a $20B U.S. Air Force contract. ‚úàÔ∏è

$TSLA slipped as European sales fell 47%. üöó‚ö°

#StockMarket #Investing #NASDAQ #S&amp;P500 #DJIA",0,0,en,Twitter
2025-03-25 22:11:51+00:00,"Link below to join our free stock chatroom!

KFC-     https://t.co/zZLFbvxsHx

$AMZN $AAPL $AMD $FB $BOXL $BA $PFE $MCD $UPS $MMM $SINT $SOLO https://t.co/4hTH2MCEvY",0,0,en,Twitter
2025-03-25 22:08:32+00:00,"Best stock trade Group out there! 
Free chatroom link below! KFC-     https://t.co/J5ilBUfSO0

$AMZN $AMC $SPY $QQQ $ATH $CCL $AMD $AAPL $MSFY $BA https://t.co/7btO6uyxjw",0,0,en,Twitter
2025-03-25 22:07:33+00:00,"Bast stock group ‚ô•Ô∏è‚ô•Ô∏è
Discordüëåüëå

KFC-     https://t.co/J5ilBUfSO0

$BYFC $TSLA $SPY $BOXL $AAPL $AYRO $BNGO $PHUN $KODK https://t.co/usnYHNGOqq",0,0,en,Twitter
2025-03-25 22:05:38+00:00,Apple (AAPL) Enters AI Data Center Game With $1B Move: Stock to $325? https://t.co/Fs87Ymput9 via @WatcherGuru,0,0,en,Twitter
2025-03-25 22:03:04+00:00,"Options + Stock Alerts
Discord link below

KFC-     https://t.co/J5ilBUfSO0

$SOLO $W $JAGX $INO  $BYFC $TSLA $SPY $BOXL $AAPL $AYRO $BNGO $DKNG $APPL https://t.co/qXra8PkTb2",0,0,en,Twitter
2025-03-25 22:02:20+00:00,"RT @finchat_io: ""Over the long term, it's hard for a stock to earn a much better return than the business which underlies it."" - Charlie Mu‚Ä¶",34,0,en,Twitter
2025-03-25 22:01:43+00:00,"RT @finchat_io: ""Over the long term, it's hard for a stock to earn a much better return than the business which underlies it."" - Charlie Mu‚Ä¶",34,0,en,Twitter
2025-03-25 22:01:06+00:00,"Best stock trade Group out there! 
Free chatroom link below!

KFC-     https://t.co/J5ilBUfSO0

$AMZN $AMC $SPY $QQQ $ATH $CCL $AMD $AAPL $MSFY $BA $GNUS https://t.co/7Af4kPzhoX",0,0,en,Twitter
2025-03-25 22:00:51+00:00,"RT @finchat_io: ""Over the long term, it's hard for a stock to earn a much better return than the business which underlies it."" - Charlie Mu‚Ä¶",34,0,en,Twitter
2025-03-25 21:58:12+00:00,"@wallstreetbets favorite degenerate stock, $GME, has soared +6% in the after hoursüìà

$SPY $SPX $QQQ $NQ $AMZN $AAPL $HD $LOW $MSFT $META $TSLA $NVDA $AMD $HOOD $HIMS $PLTR $SMCI $SNOW $CRM $NFLX $MSTR $CVNA $COIN $BTC $IWM $DIA $IBIT https://t.co/RzvGhsR74s",0,1,en,Twitter
2025-03-25 21:57:00+00:00,"New Free Options and Stock Discord! 
JOIN NOW!
 MAC-   https://t.co/Bc6RpdQ3C6

$AAPL $ZM $FB $SPY $AMD $QCOM $MSFT $MRNA $GILD $PYPL https://t.co/CXJEmTHNda",0,0,en,Twitter
2025-03-25 21:54:38+00:00,"Bast stock group ‚ô•Ô∏è‚ô•Ô∏è
Discordüëåüëå

KFC-     https://t.co/J5ilBUfSO0

$SOLO $W $JAGX $INO  $BYFC $TSLA $SPY $BOXL $AAPL $AYRO $BNGO $PHUN $KODK https://t.co/UqIR6IUoej",0,0,en,Twitter
2025-03-25 21:50:47+00:00,"RT @finchat_io: ""Over the long term, it's hard for a stock to earn a much better return than the business which underlies it."" - Charlie Mu‚Ä¶",34,0,en,Twitter
2025-03-25 21:49:05+00:00,"Options + Stock Alerts
Join Chatroom! 

 MAC-   https://t.co/Bc6RpdQ3C6

$BYFC $TSLA $SPY $BOXL $AAPL $AYRO $BNGO $DKNG $OCGN https://t.co/jbMjtSAOnu",0,1,en,Twitter
2025-03-25 21:47:39+00:00,"Best stock traders group out there!
updates + Chatroom +analysis
üìàüìä‚è≥

$BIDU $SAVE $WORK $T $AAPL $C $MSFT $SPY $AMD https://t.co/xiHVk3AKe9",0,0,en,Twitter
2025-03-25 21:46:06+00:00,"RT @finchat_io: ""Over the long term, it's hard for a stock to earn a much better return than the business which underlies it."" - Charlie Mu‚Ä¶",34,0,en,Twitter
2025-03-25 21:45:08+00:00,"Thanks for the $1k
DISCORD 
 MAC-   https://t.co/Bc6RpdQ3C6
Best stock trade Group out there!

$AMZN $AMD $SPY $QQQ $ATH $CCL $AMD $AAPL $MSFY $BA $BABA $GNUS https://t.co/DN80cSavj6",0,0,en,Twitter
2025-03-25 21:42:55+00:00,"RT @TacticzH: If you had to remove one from - and add one stock to -the MAG 7, which one would it be? 

Current Mag 7:
$AAPL
$GOOG
$NVDA
$T‚Ä¶",1,0,en,Twitter
2025-03-25 21:41:14+00:00,Apple Inc (AAPL) stock rose by 1.3682% Currently 223.75 per share.,0,0,en,Twitter
2025-03-25 21:40:41+00:00,"Free Stock trading discord:KFC-     https://t.co/J5ilBUgqDy

$GE $AAL $DIS $DAL $AAPL $MSFT $TSLA $SQ $NFLX $SPY $ROKU $SPCE $INO $UVXY $VXX $RAD https://t.co/cPe90dKcYx",0,0,en,Twitter
2025-03-25 21:38:13+00:00,"RT @finchat_io: ""Over the long term, it's hard for a stock to earn a much better return than the business which underlies it."" - Charlie Mu‚Ä¶",34,0,en,Twitter
2025-03-25 21:38:13+00:00,"RT @finchat_io: ""Over the long term, it's hard for a stock to earn a much better return than the business which underlies it."" - Charlie Mu‚Ä¶",34,0,en,Twitter
2025-03-25 21:31:41+00:00,"‚ö†Ô∏è Nasdaq 100 Heat Map at Close - Mar. 25, 2025

$NDX: 18,271.86 0.46%

üöÄ Follow for more updates and download the Stock+ app on your iPhone or iPad.

üü¢ $TSLA $NFLX $APP $GOOGL $GOOG $AAPL $META $AMZN $AMD $MSFT
üî¥ $NVDA $AVGO $MU

$US #NASDAQ100 https://t.co/iILkEtBm81",0,0,en,Twitter
2025-03-25 21:31:33+00:00,"2Ô∏è‚É£ Stock Predictions &amp; Forecasts üîÆ
What‚Äôs next for $NVDA, $AAPL, $TSLA? https://t.co/5u2pLTY4Tn uses cutting-edge models to forecast stock movements based on historical data, sentiment, and macro trends.

Get ahead of the crowd. üí°",0,0,en,Twitter
2025-03-25 21:31:31+00:00,"Bast stock group ‚ô•Ô∏è‚ô•Ô∏è
Discordüëåüëå

 MAC-   https://t.co/CQFymLl8YQ

$SOLO $W $JAGX $INO  $BYFC $TSLA $SPY $BOXL $AAPL $AYRO $BNGO $PHUN $KODK https://t.co/LJqUI3eFwx",0,0,en,Twitter
2025-03-25 21:26:38+00:00,"RT @finchat_io: ""Over the long term, it's hard for a stock to earn a much better return than the business which underlies it."" - Charlie Mu‚Ä¶",34,0,en,Twitter
2025-03-25 21:26:30+00:00,"Best stock trade Group out there! 
Free chatroom link below!  MAC-   https://t.co/CQFymLkB9i

$AMZN $AMC $SPY $QQQ $ATH $CCL $AMD $AAPL $MSFY $BA https://t.co/g1scpV4erj",0,0,en,Twitter
2025-03-25 21:25:37+00:00,"3/25/2025 ËôΩÁÑ∂‰ªäÂ§©Âå∫Èó¥Â∞èÔºå‰ΩÜÊòØËµöÈí±‰∏çÊâãËΩØÔºÅ
‰ºöÂëòÈìæÊé•
https://t.co/30aHVm1QT4

#trading #stock #investing $QQQ $NVDA $SOXL $AAPL $TSLA https://t.co/E0PlSrTYOj",0,0,zh,Twitter
2025-03-25 21:23:48+00:00,"Systematic risk ratios avoid the problems with other ways of thinking about diversification.

It's also able to account for intra-asset diversification.

It correctly predicts that $AAPL is more diversified than a penny stock since it makes up more of total consumption.",0,0,en,Twitter
2025-03-25 21:23:47+00:00,"Here's another example.

$AAPL is far more diversified than a penny stock. Even though they both count as 1 stock, Apple as a company is diversified across so many different sources of income and risks that affect their income.",0,0,en,Twitter
2025-03-25 21:23:04+00:00,"Best stock trade Group out there! 
Free chatroom link below!

 MAC-   https://t.co/CQFymLl8YQ

$AMZN $AMC $SPY $QQQ $ATH $CCL $AMD $AAPL $MSFY $BA $GNUS https://t.co/kZyg7O5irv",0,0,en,Twitter
2025-03-25 21:22:55+00:00,"@taobanker True. But its worth taking stock of the risk profile of the market. 

I‚Äôm always impressed with the courage Buffet has to pull the trigger. AAPL, Airline sales, OXY buy..",0,4,en,Twitter
2025-03-25 21:22:38+00:00,"EOD Stock Moversüìä 
3/25

AAPL +3.02 (223.75) üìà
TSLA +9.75 (288.14) üìà
AMZN +2.45 (205.71) üìà
META +7.46 (626.31) üìà
NVDA -0.72 (120.69) üìâ

#Markets #Economy",0,0,nl,Twitter
2025-03-25 21:18:08+00:00,"Options + Stock Alerts
Discord link below

 MAC-   https://t.co/CQFymLkB9i

$SOLO $W $JAGX $INO  $BYFC $TSLA $SPY $BOXL $AAPL $AYRO $BNGO $DKNG $APPL https://t.co/5NHJtI1o8i",0,1,en,Twitter
2025-03-25 21:16:41+00:00,"Link below to join our free stock chatroom!

KFC-     https://t.co/zZLFbvy0x5

$AMZN $AAPL $AMD $FB $BOXL $BA $PFE $MCD $UPS $MMM $SINT $SOLO https://t.co/mYe3qq11EN",0,0,en,Twitter
2025-03-25 21:16:07+00:00,"Bast stock group ‚ô•Ô∏è‚ô•Ô∏è
Discordüëåüëå

 MAC-   https://t.co/CQFymLkB9i

$BYFC $TSLA $SPY $BOXL $AAPL $AYRO $BNGO $PHUN $KODK https://t.co/WKneh5beYe",0,0,en,Twitter
2025-03-25 21:12:05+00:00,"RT @finchat_io: ""Over the long term, it's hard for a stock to earn a much better return than the business which underlies it."" - Charlie Mu‚Ä¶",34,0,en,Twitter
2025-03-25 21:10:38+00:00,"Free Stock trading discord: MAC-   https://t.co/CQFymLkB9i

$GE $AAL $DIS $DAL $AAPL $MSFT $TSLA $SQ $NFLX $SPY $ROKU $SPCE $INO $UVXY $VXX $RAD https://t.co/KrppScUuID",0,0,en,Twitter
2025-03-25 21:05:06+00:00,"Free Stock trading discord:KFC-     https://t.co/J5ilBUgqDy

$GE $AAL $DIS $DAL $AAPL $MSFT $TSLA $SQ $NFLX $SPY $ROKU $SPCE $INO $UVXY $VXX $RAD https://t.co/kU3434PA2N",0,0,en,Twitter
2025-03-25 21:04:55+00:00,"@tesla stock fake pump and dump scheme ? No sales, guidance seems bad then how come stock is up? @elonmusk buying to show bullishness and then dump? $TSLA $AAPL $NVDA $SMCJ",0,5,en,Twitter
2025-03-25 21:02:05+00:00,"Best stock traders group out there!
updates + Chatroom +analysis
üìàüìä‚è≥

$BIDU $SAVE $WORK $T $AAPL $C $MSFT $SPY $AMD https://t.co/RRbdCWMLUU",0,0,en,Twitter
2025-03-25 21:01:47+00:00,"The latest update reveals significant shifts in the financial landscape. Key players like $SPY and $AAPL are trending upward, indicating potential bullish momentum in the stock market üìà. Stay informed on the movers and shakers! üîçüí∞",0,3,en,Twitter
2025-03-25 21:01:36+00:00,"RT @Dollar_Rules: In 2023, Bill Gates dumped his stake in $AAPL, $META, $NVDA, $AMZN, and $GOOG. But Bill said #QuantumComputing might evol‚Ä¶",1,0,en,Twitter
2025-03-25 21:01:13+00:00,"RT @finchat_io: ""Over the long term, it's hard for a stock to earn a much better return than the business which underlies it."" - Charlie Mu‚Ä¶",34,0,en,Twitter
2025-03-25 21:01:06+00:00,"Bast stock group ‚ô•Ô∏è‚ô•Ô∏è
Discordüëåüëå

KFC-     https://t.co/J5ilBUgqDy

$SOLO $W $JAGX $INO  $BYFC $TSLA $SPY $BOXL $AAPL $AYRO $BNGO $PHUN $KODK https://t.co/eTdpKk3qgz",0,0,en,Twitter
2025-03-25 21:00:36+00:00,"Best stock trade Group out there! 
Free chatroom link below! KFC-     https://t.co/J5ilBUgqDy

$AMZN $AMC $SPY $QQQ $ATH $CCL $AMD $AAPL $MSFY $BA https://t.co/S5bbVfX8Z6",0,0,en,Twitter
2025-03-25 20:54:26+00:00,"RT @finchat_io: ""Over the long term, it's hard for a stock to earn a much better return than the business which underlies it."" - Charlie Mu‚Ä¶",34,0,en,Twitter
2025-03-25 20:54:04+00:00,@Mr_Derivatives THQ - video game stock and AAPL.   I had to sell one for some cash.   I picked the wrong one back in 1997,0,3,en,Twitter
2025-03-25 20:53:40+00:00,"Options + Stock Alerts
Discord link below

KFC-     https://t.co/J5ilBUfSO0

$SOLO $W $JAGX $INO  $BYFC $TSLA $SPY $BOXL $AAPL $AYRO $BNGO $DKNG $APPL https://t.co/ktpF7awYhY",0,0,en,Twitter
2025-03-25 20:53:31+00:00,"RT @finchat_io: ""Over the long term, it's hard for a stock to earn a much better return than the business which underlies it."" - Charlie Mu‚Ä¶",34,0,en,Twitter
2025-03-25 20:53:17+00:00,"RT @finchat_io: ""Over the long term, it's hard for a stock to earn a much better return than the business which underlies it."" - Charlie Mu‚Ä¶",34,0,en,Twitter
2025-03-25 20:53:11+00:00,"Bast stock group ‚ô•Ô∏è‚ô•Ô∏è
Discordüëåüëå

KFC-     https://t.co/J5ilBUfSO0

$BYFC $TSLA $SPY $BOXL $AAPL $AYRO $BNGO $PHUN $KODK https://t.co/T5hBBbM48u",0,0,en,Twitter
2025-03-25 20:51:48+00:00,"New Free Options and Stock Discord! 
JOIN NOW!
 MAC-   https://t.co/Bc6RpdQBrE

$AAPL $ZM $FB $SPY $AMD $QCOM $MSFT $MRNA $GILD $PYPL https://t.co/q54Y6DcO4n",0,0,en,Twitter
2025-03-25 20:50:14+00:00,"Best stock trade Group out there! 
Free chatroom link below!

KFC-     https://t.co/J5ilBUfSO0

$AMZN $AMC $SPY $QQQ $ATH $CCL $AMD $AAPL $MSFY $BA $GNUS https://t.co/KTbv8kkWvc",0,0,en,Twitter
2025-03-25 20:49:47+00:00,"Apple (AAPL) Enters AI Data Center Game With $1B Move: Stock to $325?

https://t.co/6fszEn7nkq",0,0,en,Twitter
2025-03-25 20:42:24+00:00,"Thanks for the $1k
DISCORD 
 MAC-   https://t.co/Bc6RpdQBrE
Best stock trade Group out there!

$AMZN $AMD $SPY $QQQ $ATH $CCL $AMD $AAPL $MSFY $BA $BABA $GNUS https://t.co/CBEFtL8Clz",0,0,en,Twitter
2025-03-25 20:41:02+00:00,"RT @bullrunalpha: $SMCI  Could be the greatest short squeeze of All Time. @Supermicro_SMCI 

The stock is worth $205 fair value Right Now,‚Ä¶",2,0,en,Twitter
2025-03-25 20:39:55+00:00,https://t.co/zCXRXP6l3c Get in on the next StockParty! Join with my link and we'll both get bonus stock plus an extra $30 to invest (it‚Äôs that easy). AAPL,0,0,en,Twitter
2025-03-25 20:28:50+00:00,"RT @finchat_io: ""Over the long term, it's hard for a stock to earn a much better return than the business which underlies it."" - Charlie Mu‚Ä¶",34,0,en,Twitter
2025-03-25 20:25:25+00:00,"RT @finchat_io: ""Over the long term, it's hard for a stock to earn a much better return than the business which underlies it."" - Charlie Mu‚Ä¶",34,0,en,Twitter
2025-03-25 20:24:56+00:00,"Link below to join our free stock chatroom!

KFC-     https://t.co/zZLFbvxsHx

$AMZN $AAPL $AMD $FB $BOXL $BA $PFE $MCD $UPS $MMM $SINT $SOLO https://t.co/yFmoMzbjiy",0,0,en,Twitter
2025-03-25 20:22:08+00:00,"Options + Stock Alerts
Join Chatroom! 

 MAC-   https://t.co/Bc6RpdQ3C6

$BYFC $TSLA $SPY $BOXL $AAPL $AYRO $BNGO $DKNG $OCGN https://t.co/i0yytDtpzl",0,1,en,Twitter
2025-03-25 20:15:23+00:00,"RT @scenicnights: $NVDA flat and we have $AAPL buying $1B in GB300 NVL72 systems.  Just more demand proof.
https://t.co/RKJr2niboI",0,0,en,Twitter
2025-03-25 20:15:12+00:00,"RT @finchat_io: ""Over the long term, it's hard for a stock to earn a much better return than the business which underlies it."" - Charlie Mu‚Ä¶",34,0,en,Twitter
2025-03-25 20:13:15+00:00,"üì£ Check #FAANG Stock movement in today's session !
 
   #Meta    $Meta   626.31  1.21% üü¢
  #Apple    $AAPL   223.75  1.37% üü¢
 #Amazon    $AMZN   205.71  1.21% üü¢
#Netflix    $NFLX   997.28   2.6% üü¢
 #Google   $GOOGL   170.56  1.72% üü¢
 
#StockMarket",0,0,en,Twitter
2025-03-25 20:06:55+00:00,"RT @ChartBreakouts: $AAPL EXTREME BULLISH 

Anytime a stock can make back 3 days of losses in 1 day shows sign of an accumulation event. ht‚Ä¶",3,0,en,Twitter
2025-03-25 20:04:05+00:00,"Here is how the Stock Market performed todayüìä

$SPY $SPX $QQQ $NQ $AMZN $AAPL $HD $LOW $MSFT $META $TSLA $NVDA $AMD $HOOD $HIMS $PLTR $SMCI $SNOW $CRM $NFLX $MSTR $CVNA $COIN $BTC $IWM $DIA $IBIT https://t.co/0mwKWqoM7f",0,1,en,Twitter
2025-03-25 20:01:23+00:00,"RT @finchat_io: ""Over the long term, it's hard for a stock to earn a much better return than the business which underlies it."" - Charlie Mu‚Ä¶",34,0,en,Twitter
2025-03-25 20:00:28+00:00,"Bast stock group ‚ô•Ô∏è‚ô•Ô∏è
Discordüëåüëå

 MAC-   https://t.co/CQFymLkB9i

$BYFC $TSLA $SPY $BOXL $AAPL $AYRO $BNGO $PHUN $KODK https://t.co/92MHGyOXo4",0,0,en,Twitter
2025-03-25 19:56:57+00:00,"Best stock trade Group out there! 
Free chatroom link below!

 MAC-   https://t.co/CQFymLkB9i

$AMZN $AMC $SPY $QQQ $ATH $CCL $AMD $AAPL $MSFY $BA $GNUS https://t.co/ckIyQwkMwn",0,0,en,Twitter
2025-03-25 19:55:42+00:00,"Added more $MYNZ 
Wife said no more stocks. I said it's not a stock, it‚Äôs destiny !

$PLTR $AAL $AMC $GME $MLGO $NVDA $AAPL $HOOD https://t.co/6oZ0yi0Ndd",0,0,en,Twitter
2025-03-25 19:55:13+00:00,"RT @bullrunalpha: $SMCI  Could be the greatest short squeeze of All Time. @Supermicro_SMCI 

The stock is worth $205 fair value Right Now,‚Ä¶",2,0,en,Twitter
2025-03-25 19:53:58+00:00,"Bast stock group ‚ô•Ô∏è‚ô•Ô∏è
Discordüëåüëå

 MAC-   https://t.co/CQFymLkB9i

$SOLO $W $JAGX $INO  $BYFC $TSLA $SPY $BOXL $AAPL $AYRO $BNGO $PHUN $KODK https://t.co/HKzAoLxajj",0,0,en,Twitter
2025-03-25 19:52:29+00:00,"Best stock trade Group out there! 
Free chatroom link below!  MAC-   https://t.co/CQFymLl8YQ

$AMZN $AMC $SPY $QQQ $ATH $CCL $AMD $AAPL $MSFY $BA https://t.co/ATL0Xf6iYd",0,0,en,Twitter
2025-03-25 19:51:36+00:00,"RT @finchat_io: ""Over the long term, it's hard for a stock to earn a much better return than the business which underlies it."" - Charlie Mu‚Ä¶",34,0,en,Twitter
2025-03-25 19:51:29+00:00,"Free Stock trading discord: MAC-   https://t.co/CQFymLkB9i

$GE $AAL $DIS $DAL $AAPL $MSFT $TSLA $SQ $NFLX $SPY $ROKU $SPCE $INO $UVXY $VXX $RAD https://t.co/SFr9i6PWD2",0,0,en,Twitter
2025-03-25 19:51:21+00:00,"Options + Stock Alerts
Discord link below

KFC-     https://t.co/J5ilBUgqDy

$SOLO $W $JAGX $INO  $BYFC $TSLA $SPY $BOXL $AAPL $AYRO $BNGO $DKNG $APPL https://t.co/NSQaPpLULf",0,0,en,Twitter
2025-03-25 19:47:00+00:00,"Options + Stock Alerts
Discord link below

 MAC-   https://t.co/CQFymLl8YQ

$SOLO $W $JAGX $INO  $BYFC $TSLA $SPY $BOXL $AAPL $AYRO $BNGO $DKNG $APPL https://t.co/hKKN1dZ4ei",0,0,en,Twitter
2025-03-25 19:44:00+00:00,"RT @DividendTalks: Choose 1:

Which stock will outperform the others over the next 10 years?

$AAPL $META $NVDA $AMZN $TSLA $GOOGL $MSFT ht‚Ä¶",3,0,en,Twitter
2025-03-25 19:43:55+00:00,"Free Stock trading discord:KFC-     https://t.co/J5ilBUfSO0

$GE $AAL $DIS $DAL $AAPL $MSFT $TSLA $SQ $NFLX $SPY $ROKU $SPCE $INO $UVXY $VXX $RAD https://t.co/gpLvFFledF",0,0,en,Twitter
2025-03-25 19:41:57+00:00,"Bast stock group ‚ô•Ô∏è‚ô•Ô∏è
Discordüëåüëå

KFC-     https://t.co/J5ilBUfSO0

$SOLO $W $JAGX $INO  $BYFC $TSLA $SPY $BOXL $AAPL $AYRO $BNGO $PHUN $KODK https://t.co/ZF7VUyLEJy",0,0,en,Twitter
